ENTITY,CODE,YEAR,NUMBER OF EXECUTIONS (AMNESTY INTERNATIONAL),DEATHS - MENINGITIS - SEX: BOTH - AGE: ALL AGES (NUMBER),DEATHS - NEOPLASMS - SEX: BOTH - AGE: ALL AGES (NUMBER),"DEATHS - FIRE, HEAT, AND HOT SUBSTANCES - SEX: BOTH - AGE: ALL AGES (NUMBER)",DEATHS - MALARIA - SEX: BOTH - AGE: ALL AGES (NUMBER),DEATHS - DROWNING - SEX: BOTH - AGE: ALL AGES (NUMBER),DEATHS - INTERPERSONAL VIOLENCE - SEX: BOTH - AGE: ALL AGES (NUMBER),DEATHS - HIV/AIDS - SEX: BOTH - AGE: ALL AGES (NUMBER),DEATHS - DRUG USE DISORDERS - SEX: BOTH - AGE: ALL AGES (NUMBER),DEATHS - TUBERCULOSIS - SEX: BOTH - AGE: ALL AGES (NUMBER),DEATHS - ROAD INJURIES - SEX: BOTH - AGE: ALL AGES (NUMBER),DEATHS - MATERNAL DISORDERS - SEX: BOTH - AGE: ALL AGES (NUMBER),DEATHS - LOWER RESPIRATORY INFECTIONS - SEX: BOTH - AGE: ALL AGES (NUMBER),DEATHS - NEONATAL DISORDERS - SEX: BOTH - AGE: ALL AGES (NUMBER),DEATHS - ALCOHOL USE DISORDERS - SEX: BOTH - AGE: ALL AGES (NUMBER),DEATHS - EXPOSURE TO FORCES OF NATURE - SEX: BOTH - AGE: ALL AGES (NUMBER),DEATHS - DIARRHEAL DISEASES - SEX: BOTH - AGE: ALL AGES (NUMBER),DEATHS - ENVIRONMENTAL HEAT AND COLD EXPOSURE - SEX: BOTH - AGE: ALL AGES (NUMBER),DEATHS - NUTRITIONAL DEFICIENCIES - SEX: BOTH - AGE: ALL AGES (NUMBER),DEATHS - SELF-HARM - SEX: BOTH - AGE: ALL AGES (NUMBER),DEATHS - CONFLICT AND TERRORISM - SEX: BOTH - AGE: ALL AGES (NUMBER),DEATHS - DIABETES MELLITUS - SEX: BOTH - AGE: ALL AGES (NUMBER),DEATHS - POISONINGS - SEX: BOTH - AGE: ALL AGES (NUMBER),DEATHS - PROTEIN-ENERGY MALNUTRITION - SEX: BOTH - AGE: ALL AGES (NUMBER),TERRORISM (DEATHS),DEATHS - CARDIOVASCULAR DISEASES - SEX: BOTH - AGE: ALL AGES (NUMBER),DEATHS - CHRONIC KIDNEY DISEASE - SEX: BOTH - AGE: ALL AGES (NUMBER),DEATHS - CHRONIC RESPIRATORY DISEASES - SEX: BOTH - AGE: ALL AGES (NUMBER),DEATHS - CIRRHOSIS AND OTHER CHRONIC LIVER DISEASES - SEX: BOTH - AGE: ALL AGES (NUMBER),DEATHS - DIGESTIVE DISEASES - SEX: BOTH - AGE: ALL AGES (NUMBER),DEATHS - ACUTE HEPATITIS - SEX: BOTH - AGE: ALL AGES (NUMBER),DEATHS - ALZHEIMER'S DISEASE AND OTHER DEMENTIAS - SEX: BOTH - AGE: ALL AGES (NUMBER),DEATHS - PARKINSON'S DISEASE - SEX: BOTH - AGE: ALL AGES (NUMBER)
Afghanistan,AFG,2007,15,2933.0,15925.0,481.0,393.0,2127.0,3657.0,148.0,252.0,4995.0,7425.0,4990.0,27672.0,23890.0,111.0,296.0,9320.0,57.0,2488.0,1310.0,8220.0,3189.0,513.0,2439.0,1199.0,53962.0,4490.0,7222.0,3346.0,6458.0,3437.0,1402.0,450.0
Afghanistan,AFG,2008,17,2731.0,16148.0,462.0,255.0,1973.0,3785.0,157.0,261.0,4790.0,7355.0,5020.0,25800.0,23792.0,114.0,1317.0,8275.0,57.0,2277.0,1330.0,6895.0,3261.0,495.0,2231.0,1092.0,54051.0,4534.0,7143.0,3316.0,6408.0,3005.0,1424.0,455.0
Afghanistan,AFG,2009,0,2460.0,16383.0,448.0,239.0,1852.0,3874.0,167.0,270.0,4579.0,7290.0,5013.0,24340.0,23672.0,115.0,101.0,7359.0,57.0,2040.0,1342.0,7617.0,3336.0,483.0,1998.0,1065.0,53964.0,4597.0,7045.0,3291.0,6358.0,2663.0,1449.0,460.0
Afghanistan,AFG,2011,2,2327.0,17094.0,448.0,390.0,1775.0,4170.0,184.0,292.0,4259.0,7432.0,4857.0,22883.0,23951.0,120.0,83.0,6412.0,58.0,1846.0,1391.0,9142.0,3550.0,483.0,1805.0,1525.0,54347.0,4785.0,6916.0,3318.0,6370.0,2365.0,1508.0,473.0
Afghanistan,AFG,2012,14,2254.0,17522.0,445.0,94.0,1716.0,4245.0,191.0,305.0,4122.0,7494.0,4736.0,22162.0,24057.0,123.0,333.0,6008.0,103.0,1705.0,1413.0,11350.0,3682.0,482.0,1667.0,3521.0,54868.0,4846.0,6878.0,3353.0,6398.0,2264.0,1544.0,482.0
Afghanistan,AFG,2013,2,2281.0,18015.0,460.0,143.0,1777.0,4379.0,200.0,316.0,4047.0,8054.0,4623.0,22260.0,24234.0,126.0,155.0,5986.0,58.0,1690.0,1433.0,11829.0,3827.0,494.0,1651.0,3709.0,55274.0,4945.0,6859.0,3413.0,6476.0,2204.0,1581.0,491.0
Afghanistan,AFG,2014,6,1935.0,18462.0,463.0,228.0,1757.0,4420.0,213.0,326.0,3970.0,8087.0,4470.0,21750.0,24163.0,128.0,575.0,5751.0,57.0,1617.0,1444.0,18008.0,3986.0,496.0,1579.0,5414.0,55932.0,5055.0,6851.0,3454.0,6522.0,2134.0,1620.0,502.0
Afghanistan,AFG,2015,1,1821.0,18876.0,463.0,284.0,1730.0,5039.0,230.0,339.0,3893.0,7730.0,4320.0,21016.0,23953.0,131.0,446.0,5509.0,58.0,1505.0,1467.0,23667.0,4143.0,496.0,1469.0,6216.0,56875.0,5153.0,6835.0,3492.0,6555.0,2065.0,1652.0,511.0
Afghanistan,AFG,2016,6,1795.0,19459.0,471.0,388.0,1742.0,5033.0,251.0,354.0,3843.0,7866.0,4212.0,20601.0,23956.0,135.0,84.0,5376.0,58.0,1452.0,1505.0,28051.0,4349.0,504.0,1416.0,6142.0,57970.0,5296.0,6894.0,3578.0,6673.0,2044.0,1690.0,524.0
Bahrain,BHR,2008,1,4.0,465.0,13.0,0.0,12.0,33.0,12.0,2.0,11.0,171.0,5.0,67.0,55.0,4.0,0.0,9.0,1.0,4.0,89.0,1.0,356.0,2.0,4.0,1.0,838.0,112.0,135.0,85.0,137.0,4.0,34.0,13.0
Bahrain,BHR,2010,1,3.0,499.0,13.0,0.0,12.0,35.0,12.0,2.0,11.0,168.0,5.0,66.0,52.0,5.0,0.0,9.0,1.0,4.0,86.0,0.0,404.0,2.0,4.0,0.0,862.0,119.0,126.0,89.0,140.0,4.0,38.0,13.0
Bangladesh,BGD,2007,6,4633.0,69816.0,1405.0,3791.0,22024.0,3391.0,155.0,225.0,44186.0,8927.0,8083.0,56958.0,86638.0,277.0,5505.0,35610.0,207.0,12076.0,8468.0,19.0,22321.0,479.0,9194.0,1.0,229986.0,10466.0,60138.0,26714.0,41053.0,3970.0,6653.0,2609.0
Bangladesh,BGD,2008,5,4638.0,71059.0,1369.0,6577.0,20626.0,3394.0,187.0,224.0,41736.0,8984.0,7432.0,53459.0,83087.0,277.0,68.0,33338.0,76.0,10812.0,8250.0,22.0,22325.0,484.0,8009.0,9.0,234002.0,10495.0,59378.0,25922.0,39833.0,3873.0,6891.0,2647.0
Bangladesh,BGD,2009,3,3846.0,73425.0,1360.0,4105.0,19115.0,3521.0,214.0,227.0,39446.0,9143.0,7008.0,50206.0,79128.0,279.0,213.0,32312.0,145.0,9739.0,8237.0,20.0,22685.0,497.0,7005.0,18.0,242016.0,10648.0,59517.0,25497.0,39291.0,3884.0,7239.0,2745.0
Bangladesh,BGD,2010,9,3663.0,76058.0,1469.0,4993.0,17169.0,3576.0,246.0,229.0,37697.0,9183.0,6938.0,47584.0,75448.0,280.0,107.0,31548.0,147.0,8793.0,8133.0,127.0,23287.0,506.0,6149.0,15.0,252054.0,10771.0,60294.0,25085.0,38799.0,3941.0,7658.0,2899.0
Bangladesh,BGD,2011,5,3328.0,76393.0,1269.0,5108.0,15392.0,3678.0,286.0,220.0,34335.0,8715.0,6848.0,44083.0,72192.0,276.0,40.0,30285.0,141.0,7706.0,7534.0,402.0,21981.0,494.0,5309.0,9.0,243361.0,10470.0,56564.0,24070.0,37327.0,3848.0,7951.0,2713.0
Bangladesh,BGD,2012,1,3005.0,77715.0,1227.0,1087.0,13666.0,3632.0,320.0,217.0,31900.0,8393.0,7283.0,40685.0,67831.0,277.0,272.0,29560.0,103.0,6792.0,7119.0,317.0,21231.0,500.0,4550.0,8.0,238443.0,10336.0,53698.0,23548.0,36562.0,3831.0,8374.0,2556.0
Bangladesh,BGD,2013,2,2887.0,80503.0,1219.0,481.0,12246.0,3841.0,343.0,224.0,31182.0,8371.0,7343.0,39183.0,63358.0,280.0,50.0,30075.0,131.0,6259.0,6949.0,141.0,22033.0,490.0,4024.0,16.0,245834.0,10470.0,54792.0,23445.0,36587.0,3920.0,9137.0,2719.0
Bangladesh,BGD,2015,4,2366.0,87112.0,1233.0,901.0,10182.0,4087.0,368.0,233.0,30629.0,8469.0,7439.0,37458.0,55251.0,286.0,159.0,31321.0,94.0,5703.0,6857.0,163.0,24520.0,518.0,3478.0,86.0,268859.0,10872.0,58308.0,23622.0,37322.0,4143.0,10930.0,3180.0
Bangladesh,BGD,2016,10,2334.0,91436.0,1249.0,580.0,9401.0,4052.0,377.0,249.0,30376.0,8428.0,7204.0,37103.0,51546.0,295.0,198.0,32195.0,99.0,5311.0,6887.0,231.0,26259.0,533.0,3109.0,76.0,279014.0,11265.0,60948.0,24192.0,38322.0,4270.0,12037.0,3441.0
Belarus,BLR,2008,4,79.0,20080.0,789.0,0.0,1072.0,1298.0,326.0,318.0,729.0,1882.0,18.0,1363.0,327.0,2426.0,5.0,11.0,1156.0,46.0,3594.0,12.0,425.0,465.0,24.0,0.0,80064.0,509.0,3173.0,2968.0,4932.0,25.0,2778.0,595.0
Belarus,BLR,2010,2,74.0,21004.0,804.0,0.0,1065.0,1015.0,379.0,383.0,692.0,1695.0,18.0,1421.0,290.0,2917.0,4.0,12.0,1125.0,51.0,3421.0,8.0,403.0,469.0,26.0,0.0,81911.0,515.0,2721.0,3225.0,5323.0,26.0,2926.0,625.0
Belarus,BLR,2011,2,72.0,21181.0,845.0,0.0,991.0,1204.0,412.0,364.0,668.0,1651.0,19.0,1430.0,276.0,2996.0,6.0,13.0,1190.0,54.0,3396.0,26.0,402.0,444.0,27.0,13.0,83777.0,525.0,2586.0,3329.0,5498.0,28.0,3022.0,648.0
Belarus,BLR,2012,3,62.0,19224.0,761.0,0.0,813.0,901.0,370.0,348.0,537.0,1372.0,17.0,1236.0,264.0,2899.0,0.0,13.0,913.0,50.0,2820.0,0.0,361.0,391.0,26.0,0.0,76747.0,479.0,2304.0,2742.0,4718.0,24.0,3081.0,616.0
Chad,TCD,2007,0,4355.0,4284.0,392.0,7343.0,562.0,870.0,6037.0,8.0,7281.0,1992.0,2541.0,18597.0,12866.0,64.0,29.0,29087.0,110.0,3718.0,759.0,378.0,1273.0,303.0,3627.0,136.0,10543.0,1361.0,2225.0,2146.0,3926.0,727.0,520.0,153.0
Chad,TCD,2008,0,4398.0,4437.0,399.0,7664.0,557.0,764.0,5313.0,8.0,7243.0,2040.0,2615.0,18664.0,13233.0,67.0,0.0,29380.0,112.0,3573.0,779.0,1057.0,1314.0,309.0,3483.0,172.0,10823.0,1398.0,2274.0,2196.0,4014.0,672.0,532.0,159.0
Chad,TCD,2009,0,4364.0,4596.0,407.0,7952.0,567.0,789.0,4586.0,9.0,7189.0,2082.0,2649.0,18735.0,13669.0,69.0,6.0,29744.0,114.0,3447.0,796.0,138.0,1355.0,314.0,3359.0,0.0,11110.0,1439.0,2324.0,2243.0,4098.0,619.0,543.0,164.0
Chad,TCD,2015,10,4451.0,5530.0,445.0,6416.0,602.0,992.0,4788.0,12.0,7043.0,2357.0,3011.0,19109.0,15805.0,80.0,0.0,30485.0,126.0,2796.0,879.0,543.0,1550.0,340.0,2714.0,306.0,12638.0,1646.0,2552.0,2616.0,4708.0,452.0,628.0,189.0
China,CHN,2008,>1000,8384.0,2168067.0,11363.0,15.0,73624.0,21775.0,16310.0,10288.0,61286.0,327299.0,4534.0,187559.0,93539.0,21408.0,88421.0,10058.0,4676.0,10623.0,154710.0,114.0,125045.0,28939.0,7906.0,39.0,3523450.0,146413.0,1149016.0,167955.0,292928.0,4757.0,197380.0,54828.0
China,CHN,2009,>1000,8394.0,2214787.0,11346.0,9.0,72888.0,20659.0,16364.0,9981.0,56959.0,329237.0,4207.0,186990.0,87453.0,21192.0,611.0,8901.0,4447.0,10874.0,150572.0,392.0,128147.0,30105.0,8098.0,186.0,3669964.0,152838.0,1145608.0,164921.0,288756.0,4509.0,208139.0,57485.0
China,CHN,2010,>1000,8341.0,2265802.0,11362.0,12.0,70955.0,18926.0,16722.0,9838.0,53312.0,327545.0,3762.0,186499.0,79733.0,21077.0,7175.0,7891.0,4454.0,11293.0,146044.0,19.0,132114.0,30838.0,8425.0,7.0,3831636.0,160396.0,1139700.0,162119.0,285663.0,4334.0,218436.0,60241.0
China,CHN,2011,>1000,8193.0,2296328.0,11152.0,11.0,66696.0,17477.0,17075.0,9567.0,50513.0,315824.0,3350.0,184317.0,75901.0,20738.0,844.0,7198.0,4400.0,11739.0,139061.0,67.0,134980.0,30883.0,8809.0,19.0,3937801.0,165833.0,1115828.0,158710.0,281834.0,4212.0,225852.0,61781.0
China,CHN,2012,>1000,8057.0,2318471.0,10934.0,0.0,65110.0,16177.0,16455.0,9170.0,48260.0,300970.0,3015.0,181048.0,74505.0,20458.0,871.0,6779.0,4441.0,12120.0,131641.0,55.0,137073.0,30494.0,9145.0,27.0,3973790.0,169494.0,1083590.0,155219.0,277791.0,4158.0,232656.0,62640.0
China,CHN,2013,>1000,7971.0,2337453.0,10851.0,0.0,63152.0,15134.0,17728.0,8989.0,46072.0,288937.0,2761.0,178100.0,68958.0,20181.0,1402.0,6452.0,4616.0,12748.0,126196.0,213.0,140303.0,30263.0,9690.0,60.0,4049045.0,173650.0,1058374.0,151718.0,273718.0,4160.0,239240.0,63853.0
China,CHN,2014,>1000,7740.0,2378155.0,10766.0,0.0,62733.0,14194.0,21784.0,8980.0,43438.0,279949.0,2340.0,175785.0,63241.0,20069.0,1684.0,6131.0,4582.0,13528.0,123006.0,425.0,145136.0,29957.0,10365.0,322.0,4120839.0,177089.0,1042132.0,149653.0,271449.0,4143.0,249056.0,65555.0
China,CHN,2015,>1000,7553.0,2414868.0,10738.0,0.0,61489.0,13512.0,26060.0,8872.0,41987.0,268987.0,2341.0,175523.0,66013.0,19893.0,551.0,6078.0,4720.0,14487.0,120453.0,211.0,149030.0,29323.0,11176.0,123.0,4180060.0,179638.0,1029418.0,148056.0,270036.0,4171.0,259217.0,66761.0
China,CHN,2016,>1000,7550.0,2477718.0,10789.0,0.0,61049.0,13076.0,29402.0,8964.0,42073.0,262951.0,2510.0,179477.0,66904.0,19803.0,1340.0,6243.0,5072.0,15827.0,121045.0,20.0,155700.0,29051.0,12262.0,13.0,4292981.0,184528.0,1039047.0,148104.0,271648.0,4234.0,275481.0,69364.0
Egypt,EGY,2008,2,1138.0,42135.0,1378.0,0.0,1025.0,503.0,93.0,47.0,1087.0,25929.0,957.0,26708.0,16142.0,117.0,98.0,13224.0,49.0,886.0,2381.0,16.0,13100.0,175.0,736.0,0.0,207451.0,15535.0,18612.0,48127.0,53614.0,1689.0,5212.0,1732.0
Egypt,EGY,2009,5,1137.0,44866.0,1415.0,0.0,1051.0,535.0,93.0,50.0,1054.0,26837.0,996.0,26664.0,15121.0,121.0,2.0,13111.0,49.0,889.0,2484.0,10.0,13951.0,180.0,734.0,1.0,214374.0,16199.0,19088.0,49630.0,55290.0,1657.0,5340.0,1796.0
Egypt,EGY,2010,4,1111.0,46171.0,1447.0,0.0,1070.0,535.0,95.0,53.0,1039.0,27409.0,1017.0,25864.0,13363.0,125.0,62.0,12788.0,48.0,874.0,2593.0,39.0,14715.0,183.0,718.0,0.0,219382.0,16806.0,19409.0,50816.0,56588.0,1605.0,5464.0,1847.0
Egypt,EGY,2011,1,1115.0,47360.0,1462.0,0.0,1093.0,562.0,101.0,58.0,1029.0,28205.0,955.0,25786.0,11489.0,129.0,2.0,12763.0,48.0,871.0,2672.0,116.0,15183.0,186.0,713.0,28.0,221812.0,17195.0,19685.0,51945.0,57828.0,1568.0,5607.0,1898.0
Egypt,EGY,2014,15,925.0,50183.0,1474.0,0.0,1051.0,593.0,98.0,63.0,1145.0,28405.0,863.0,23910.0,6873.0,135.0,5.0,11977.0,49.0,842.0,2840.0,293.0,16886.0,183.0,677.0,343.0,236288.0,18893.0,20849.0,55221.0,61427.0,1443.0,5999.0,2053.0
Egypt,EGY,2015,22,925.0,52885.0,1497.0,0.0,1045.0,537.0,84.0,68.0,1081.0,29193.0,870.0,24920.0,7175.0,139.0,41.0,11666.0,157.0,875.0,2921.0,1125.0,18390.0,185.0,699.0,829.0,251445.0,20276.0,21784.0,57801.0,64205.0,1454.0,6190.0,2214.0
Egypt,EGY,2016,44,852.0,54414.0,1488.0,0.0,1006.0,530.0,70.0,71.0,1027.0,29058.0,818.0,23335.0,6306.0,142.0,54.0,10558.0,45.0,858.0,2951.0,484.0,19194.0,181.0,678.0,609.0,255662.0,20918.0,22094.0,59305.0,65758.0,1427.0,6343.0,2296.0
Ethiopia,ETH,2007,1,19557.0,29862.0,2281.0,22459.0,2697.0,6418.0,68887.0,139.0,51420.0,9750.0,12064.0,70412.0,100281.0,542.0,22.0,70063.0,800.0,21946.0,5468.0,721.0,10016.0,3172.0,21269.0,204.0,61367.0,8060.0,12838.0,17750.0,27936.0,2176.0,3499.0,803.0
Ethiopia,ETH,2008,0,18901.0,30071.0,2271.0,17410.0,2582.0,6611.0,60273.0,146.0,48039.0,9588.0,11364.0,67720.0,99633.0,544.0,45.0,67239.0,799.0,19886.0,5419.0,52.0,10024.0,3107.0,19282.0,27.0,61416.0,8058.0,12639.0,17758.0,27951.0,2066.0,3690.0,820.0
Ethiopia,ETH,2009,0,17879.0,30352.0,2244.0,21828.0,2449.0,6456.0,53142.0,163.0,44485.0,9408.0,10692.0,64073.0,98217.0,553.0,0.0,64467.0,792.0,17795.0,5408.0,1287.0,10115.0,3011.0,17252.0,13.0,61526.0,8157.0,12481.0,17856.0,28087.0,1949.0,3896.0,843.0
India,IND,2007,0,62224.0,601219.0,24467.0,68053.0,67595.0,44087.0,163270.0,6092.0,490850.0,190881.0,69323.0,525259.0,692363.0,18619.0,2051.0,849219.0,10811.0,67671.0,195456.0,2269.0,171589.0,5556.0,47214.0,626.0,1812605.0,163299.0,875894.0,230556.0,415019.0,61028.0,53407.0,26269.0
India,IND,2008,0,60843.0,625818.0,24771.0,62028.0,67494.0,44464.0,155231.0,6120.0,492343.0,199985.0,66685.0,521542.0,679052.0,19487.0,1738.0,845116.0,10714.0,63747.0,194152.0,2580.0,179626.0,5573.0,43721.0,824.0,1897232.0,168171.0,913387.0,238390.0,424444.0,60371.0,56488.0,27779.0
India,IND,2009,0,58449.0,634222.0,24568.0,58617.0,65811.0,43077.0,142325.0,6216.0,474490.0,202133.0,63708.0,500924.0,663701.0,19473.0,1773.0,802659.0,10732.0,58734.0,190547.0,2319.0,177064.0,5323.0,39887.0,774.0,1898640.0,165221.0,890411.0,236152.0,415534.0,57677.0,59418.0,27243.0
India,IND,2012,1,53433.0,707505.0,24864.0,42686.0,66282.0,39520.0,101377.0,6023.0,461592.0,218869.0,55026.0,480048.0,614052.0,20471.0,335.0,761001.0,11672.0,51001.0,198142.0,1074.0,207229.0,4772.0,32879.0,264.0,2119847.0,178139.0,958036.0,247920.0,422871.0,53069.0,75330.0,30619.0
India,IND,2013,1,52065.0,739345.0,24815.0,32921.0,63122.0,39234.0,91805.0,6495.0,466722.0,213635.0,53088.0,485209.0,604279.0,20511.0,6562.0,738243.0,12197.0,47070.0,192867.0,624.0,218827.0,4617.0,29696.0,467.0,2200623.0,185457.0,1013921.0,246916.0,425083.0,47702.0,84796.0,34226.0
India,IND,2015,1,45025.0,801613.0,24094.0,50605.0,56352.0,38837.0,66792.0,6986.0,445845.0,201060.0,44105.0,463048.0,559843.0,20753.0,1152.0,674059.0,13571.0,37961.0,180206.0,724.0,235067.0,4298.0,22448.0,387.0,2289079.0,195704.0,1065412.0,247930.0,427616.0,38167.0,98764.0,37450.0
Indonesia,IDN,2007,1,10001.0,164406.0,1671.0,2376.0,7087.0,2669.0,2791.0,467.0,109058.0,43361.0,11225.0,54227.0,72361.0,578.0,694.0,79695.0,124.0,17906.0,7725.0,37.0,63071.0,896.0,16285.0,0.0,484163.0,34407.0,93117.0,79592.0,112629.0,7401.0,17364.0,5285.0
Indonesia,IDN,2008,10,9608.0,168946.0,1636.0,2261.0,7051.0,2600.0,2882.0,474.0,106904.0,41950.0,10617.0,53221.0,70046.0,586.0,132.0,77723.0,126.0,18472.0,7704.0,7.0,67098.0,940.0,16862.0,0.0,500374.0,35225.0,93640.0,80826.0,113979.0,6703.0,17867.0,5476.0
Indonesia,IDN,2009,0,9183.0,173532.0,1632.0,3012.0,6946.0,2540.0,3095.0,479.0,104609.0,40737.0,10075.0,51750.0,67620.0,593.0,1497.0,75605.0,126.0,18940.0,7691.0,53.0,70947.0,969.0,17355.0,15.0,514806.0,35997.0,94419.0,81959.0,115272.0,6235.0,18357.0,5649.0
Indonesia,IDN,2013,5,7915.0,193469.0,1544.0,1480.0,6102.0,2367.0,4852.0,517.0,89584.0,37777.0,7634.0,47309.0,54739.0,611.0,173.0,66978.0,127.0,20669.0,7474.0,43.0,87432.0,985.0,19087.0,23.0,573039.0,37624.0,95674.0,84230.0,119354.0,5799.0,20365.0,6392.0
Indonesia,IDN,2015,14,6946.0,202962.0,1529.0,979.0,5630.0,2311.0,5316.0,542.0,83909.0,36868.0,6520.0,46032.0,48419.0,617.0,54.0,64578.0,136.0,21526.0,7410.0,34.0,95843.0,975.0,19855.0,22.0,603096.0,38126.0,96559.0,83201.0,119335.0,5912.0,21485.0,6737.0
Indonesia,IDN,2016,4,6469.0,209282.0,1483.0,1077.0,5393.0,2296.0,5340.0,549.0,82533.0,36866.0,6132.0,45232.0,45203.0,626.0,270.0,63106.0,135.0,21104.0,7454.0,41.0,99125.0,964.0,19428.0,22.0,614602.0,39406.0,97605.0,84434.0,120717.0,5825.0,22082.0,6970.0
Iran,IRN,2007,317,909.0,41218.0,2671.0,20.0,1675.0,2159.0,436.0,3664.0,816.0,29819.0,377.0,9943.0,21408.0,205.0,24.0,1238.0,65.0,295.0,4772.0,96.0,7257.0,1293.0,266.0,24.0,135804.0,8421.0,12576.0,5609.0,8851.0,458.0,7368.0,1750.0
Iran,IRN,2008,346,891.0,42918.0,2540.0,13.0,1567.0,2289.0,472.0,3753.0,833.0,28965.0,363.0,10018.0,20720.0,206.0,58.0,1204.0,66.0,297.0,4775.0,143.0,7677.0,1248.0,266.0,26.0,136647.0,8666.0,12817.0,5675.0,9021.0,449.0,7847.0,1825.0
Iran,IRN,2009,388,874.0,44685.0,2405.0,3.0,1464.0,2423.0,509.0,3713.0,873.0,27972.0,355.0,10137.0,20141.0,208.0,0.0,1150.0,68.0,282.0,4753.0,255.0,8152.0,1195.0,248.0,97.0,138683.0,8905.0,13147.0,5692.0,9141.0,441.0,8405.0,1918.0
Iran,IRN,2010,252,863.0,46722.0,2316.0,1.0,1398.0,2520.0,566.0,3689.0,878.0,27212.0,359.0,10266.0,19711.0,212.0,20.0,1115.0,70.0,280.0,4816.0,211.0,8671.0,1152.0,243.0,115.0,140466.0,9280.0,13549.0,5751.0,9326.0,434.0,8959.0,2027.0
Iran,IRN,2011,360,849.0,48991.0,2201.0,1.0,1307.0,2502.0,646.0,3551.0,863.0,26257.0,353.0,10285.0,19300.0,216.0,2.0,1113.0,71.0,269.0,4802.0,224.0,9022.0,1094.0,228.0,18.0,141549.0,9604.0,13881.0,5877.0,9594.0,431.0,9493.0,2115.0
Iran,IRN,2012,314,848.0,51230.0,2114.0,0.0,1251.0,2531.0,718.0,3377.0,883.0,25356.0,342.0,10296.0,18946.0,220.0,324.0,1096.0,73.0,261.0,4783.0,29.0,9646.0,1024.0,215.0,12.0,143509.0,9747.0,14236.0,5947.0,9822.0,432.0,10043.0,2195.0
Iran,IRN,2013,369,847.0,53763.0,2036.0,0.0,1201.0,2558.0,779.0,3135.0,918.0,24364.0,329.0,10349.0,18303.0,224.0,69.0,1096.0,75.0,265.0,4771.0,29.0,10783.0,964.0,211.0,39.0,147346.0,10008.0,14757.0,5975.0,10062.0,437.0,10647.0,2319.0
Iran,IRN,2014,289,703.0,56475.0,1940.0,0.0,1103.0,2549.0,835.0,3022.0,931.0,23049.0,309.0,10259.0,17135.0,228.0,54.0,1076.0,74.0,261.0,4729.0,29.0,11863.0,886.0,203.0,13.0,151443.0,10416.0,15217.0,6069.0,10311.0,442.0,11233.0,2440.0
Iran,IRN,2015,977,674.0,59217.0,1845.0,0.0,1012.0,2530.0,887.0,2904.0,924.0,21850.0,278.0,10214.0,15044.0,232.0,63.0,1046.0,73.0,249.0,4676.0,77.0,12976.0,826.0,190.0,38.0,157398.0,11052.0,15706.0,6188.0,10560.0,449.0,11844.0,2582.0
Iran,IRN,2016,156,628.0,61079.0,1787.0,0.0,948.0,2461.0,945.0,2855.0,898.0,21158.0,252.0,10057.0,11639.0,236.0,39.0,1011.0,76.0,243.0,4656.0,210.0,13660.0,795.0,184.0,12.0,161815.0,11502.0,15999.0,6303.0,10754.0,447.0,12391.0,2674.0
Iraq,IRQ,2007,33,978.0,13553.0,1093.0,0.0,1118.0,3590.0,58.0,424.0,1303.0,5471.0,605.0,5297.0,14510.0,41.0,0.0,2012.0,33.0,282.0,1392.0,37739.0,6063.0,137.0,257.0,6667.0,56755.0,5270.0,2842.0,2136.0,3003.0,196.0,2130.0,485.0
Iraq,IRQ,2008,34,934.0,14437.0,1075.0,0.0,1085.0,3793.0,62.0,436.0,1259.0,5451.0,565.0,5001.0,13940.0,41.0,5.0,1986.0,33.0,262.0,1403.0,15122.0,6301.0,134.0,238.0,2864.0,58827.0,5433.0,2924.0,2229.0,3121.0,195.0,2194.0,506.0
Iraq,IRQ,2009,120,893.0,14879.0,1070.0,0.0,1068.0,4110.0,64.0,450.0,1235.0,5537.0,548.0,4728.0,13427.0,43.0,2.0,1848.0,27.0,239.0,1515.0,8999.0,6366.0,133.0,217.0,2585.0,60270.0,5581.0,2892.0,2291.0,3193.0,180.0,2263.0,528.0
Iraq,IRQ,2010,1,851.0,15789.0,1097.0,0.0,1064.0,4375.0,68.0,470.0,1190.0,5633.0,534.0,4439.0,12889.0,44.0,0.0,1732.0,23.0,216.0,1626.0,7044.0,6438.0,133.0,197.0,2074.0,61448.0,5733.0,2859.0,2359.0,3270.0,166.0,2328.0,548.0
Iraq,IRQ,2011,68,810.0,16756.0,1058.0,0.0,1033.0,4585.0,76.0,493.0,1139.0,5749.0,517.0,4172.0,12326.0,46.0,6.0,1543.0,20.0,195.0,1735.0,6837.0,6572.0,133.0,178.0,1870.0,62570.0,5870.0,2835.0,2414.0,3328.0,154.0,2412.0,568.0
Iraq,IRQ,2012,129,700.0,17908.0,1051.0,0.0,1015.0,4818.0,81.0,510.0,1089.0,5832.0,492.0,3937.0,11722.0,47.0,5.0,1298.0,18.0,177.0,1841.0,8202.0,6697.0,132.0,161.0,2686.0,63548.0,5996.0,2802.0,2431.0,3335.0,142.0,2493.0,589.0
Iraq,IRQ,2013,169,666.0,19164.0,1035.0,0.0,987.0,4903.0,84.0,525.0,1060.0,5867.0,470.0,3765.0,11093.0,48.0,12.0,1087.0,16.0,162.0,1961.0,18796.0,6865.0,131.0,147.0,7041.0,64463.0,6184.0,2780.0,2442.0,3338.0,133.0,2579.0,616.0
Iraq,IRQ,2014,61,642.0,20123.0,1019.0,0.0,994.0,5014.0,85.0,539.0,1067.0,5869.0,457.0,3633.0,10461.0,50.0,0.0,949.0,15.0,149.0,1987.0,37209.0,7174.0,133.0,135.0,13965.0,65672.0,6430.0,2803.0,2436.0,3320.0,127.0,2676.0,643.0
Iraq,IRQ,2015,26,613.0,20714.0,1003.0,0.0,957.0,4985.0,84.0,545.0,1059.0,5930.0,437.0,3497.0,9732.0,51.0,58.0,836.0,15.0,138.0,2015.0,29814.0,7476.0,131.0,124.0,8885.0,67627.0,6619.0,2847.0,2437.0,3313.0,124.0,2763.0,663.0
Iraq,IRQ,2016,88,585.0,21435.0,1004.0,0.0,926.0,5025.0,83.0,552.0,1040.0,5912.0,420.0,3391.0,9030.0,52.0,0.0,752.0,92.0,127.0,2032.0,31752.0,7823.0,130.0,114.0,12207.0,69311.0,6824.0,2905.0,2459.0,3331.0,120.0,2872.0,688.0
Jamaica,JAM,2007,0,25.0,3377.0,20.0,0.0,12.0,768.0,499.0,4.0,11.0,172.0,26.0,394.0,548.0,9.0,5.0,35.0,1.0,70.0,64.0,0.0,1915.0,4.0,64.0,0.0,4788.0,705.0,607.0,155.0,429.0,1.0,635.0,124.0
Japan,JPN,2008,15,485.0,379320.0,1807.0,0.0,6878.0,896.0,205.0,454.0,4119.0,8798.0,62.0,94915.0,844.0,682.0,47.0,2669.0,1673.0,1416.0,32392.0,0.0,7875.0,459.0,1085.0,0.0,308531.0,35510.0,42712.0,25468.0,50378.0,158.0,102846.0,11711.0
Japan,JPN,2009,7,492.0,384511.0,1773.0,0.0,7025.0,851.0,201.0,461.0,3954.0,8466.0,67.0,96236.0,791.0,679.0,89.0,2762.0,1711.0,1448.0,32006.0,0.0,7924.0,452.0,1104.0,0.0,310058.0,36376.0,43555.0,25468.0,51074.0,143.0,110223.0,12128.0
Japan,JPN,2013,8,400.0,414556.0,1889.0,0.0,7837.0,724.0,209.0,465.0,3722.0,7390.0,52.0,105075.0,651.0,675.0,103.0,3274.0,2053.0,1638.0,28632.0,0.0,8190.0,371.0,1224.0,0.0,332417.0,40340.0,48711.0,25826.0,55545.0,109.0,135021.0,14484.0
Japan,JPN,2014,3,401.0,417643.0,1638.0,0.0,7853.0,741.0,186.0,467.0,3622.0,7122.0,45.0,105186.0,618.0,672.0,321.0,3303.0,2010.0,1653.0,27577.0,0.0,8141.0,350.0,1236.0,0.0,333175.0,40534.0,49376.0,25595.0,55957.0,103.0,140066.0,14836.0
Japan,JPN,2015,3,401.0,420328.0,1589.0,0.0,7853.0,718.0,197.0,460.0,3563.0,6898.0,50.0,106524.0,581.0,677.0,41.0,3352.0,2265.0,1684.0,26434.0,0.0,8116.0,332.0,1257.0,0.0,336271.0,40938.0,50295.0,25390.0,56534.0,101.0,146012.0,15145.0
Japan,JPN,2016,3,405.0,425630.0,1573.0,0.0,7939.0,706.0,189.0,465.0,3595.0,6768.0,45.0,108180.0,555.0,676.0,107.0,3453.0,2068.0,1726.0,25559.0,38.0,8214.0,317.0,1293.0,19.0,342935.0,41716.0,51589.0,25479.0,57565.0,99.0,151061.0,15570.0
Jordan,JOR,2014,11,68.0,3958.0,155.0,0.0,108.0,284.0,26.0,11.0,24.0,966.0,70.0,846.0,1522.0,12.0,0.0,61.0,3.0,12.0,186.0,1.0,1459.0,49.0,11.0,1.0,8052.0,1277.0,593.0,449.0,768.0,8.0,504.0,125.0
Jordan,JOR,2015,2,72.0,4234.0,162.0,0.0,111.0,297.0,27.0,12.0,24.0,1011.0,69.0,883.0,1549.0,12.0,1.0,61.0,3.0,13.0,197.0,8.0,1521.0,49.0,11.0,7.0,8600.0,1375.0,630.0,479.0,822.0,9.0,546.0,136.0
Kenya,KEN,2007,0,5116.0,14604.0,671.0,8480.0,598.0,3551.0,104536.0,56.0,17149.0,3873.0,4066.0,22494.0,20713.0,239.0,39.0,26414.0,222.0,5409.0,2487.0,566.0,4192.0,729.0,5241.0,33.0,29093.0,3152.0,6037.0,10091.0,15544.0,1330.0,1766.0,393.0
Kenya,KEN,2008,0,5113.0,15287.0,685.0,7374.0,602.0,4098.0,95338.0,59.0,17366.0,3975.0,4057.0,22451.0,20642.0,247.0,65.0,26306.0,227.0,5218.0,2516.0,1876.0,4300.0,767.0,5056.0,103.0,29924.0,3250.0,6195.0,10447.0,16063.0,1366.0,1812.0,405.0
Kenya,KEN,2009,0,5189.0,16101.0,758.0,5962.0,622.0,3906.0,87459.0,62.0,17573.0,4059.0,4087.0,22610.0,20657.0,254.0,36.0,26573.0,234.0,5162.0,2568.0,326.0,4432.0,803.0,5004.0,0.0,30792.0,3367.0,6365.0,10788.0,16561.0,1411.0,1863.0,418.0
Libya,LBY,2007,9,49.0,3370.0,120.0,0.0,98.0,116.0,56.0,113.0,61.0,1781.0,36.0,627.0,804.0,16.0,0.0,83.0,4.0,14.0,259.0,0.0,509.0,56.0,12.0,0.0,7982.0,822.0,742.0,512.0,790.0,34.0,690.0,119.0
Libya,LBY,2008,8,49.0,3562.0,126.0,0.0,103.0,125.0,59.0,129.0,61.0,1911.0,40.0,655.0,743.0,17.0,0.0,78.0,4.0,15.0,287.0,40.0,547.0,59.0,12.0,0.0,8216.0,876.0,778.0,528.0,814.0,34.0,724.0,130.0
Malaysia,MYS,2008,1,291.0,20346.0,249.0,29.0,736.0,705.0,2001.0,85.0,2074.0,6329.0,268.0,11733.0,1494.0,145.0,7.0,988.0,13.0,179.0,1316.0,0.0,3020.0,182.0,171.0,0.0,42076.0,3900.0,5865.0,3342.0,7179.0,217.0,2253.0,576.0
Malaysia,MYS,2013,2,254.0,23242.0,255.0,8.0,686.0,645.0,2611.0,96.0,1809.0,6422.0,231.0,17305.0,1281.0,148.0,5.0,1095.0,11.0,182.0,1373.0,72.0,2516.0,174.0,175.0,2.0,44025.0,4424.0,5246.0,3691.0,7657.0,177.0,2672.0,678.0
Malaysia,MYS,2014,2,268.0,24611.0,267.0,7.0,723.0,633.0,2622.0,102.0,1859.0,6668.0,246.0,18556.0,1485.0,153.0,19.0,1132.0,12.0,191.0,1447.0,1.0,2654.0,180.0,184.0,1.0,46359.0,4691.0,5518.0,3883.0,8015.0,181.0,2808.0,728.0
Malaysia,MYS,2015,>1,282.0,25722.0,276.0,5.0,752.0,619.0,2516.0,108.0,1871.0,6840.0,249.0,19232.0,1651.0,157.0,25.0,1169.0,12.0,200.0,1510.0,3.0,2820.0,185.0,193.0,1.0,48228.0,4895.0,5799.0,4033.0,8319.0,185.0,2951.0,768.0
Malaysia,MYS,2016,9,279.0,27133.0,285.0,3.0,753.0,612.0,2340.0,116.0,1918.0,7075.0,246.0,20107.0,1433.0,162.0,0.0,1220.0,12.0,211.0,1596.0,6.0,3051.0,191.0,204.0,6.0,51106.0,5225.0,6259.0,4240.0,8807.0,190.0,3134.0,840.0
Nigeria,NGA,2007,0,57314.0,55609.0,4142.0,267368.0,3883.0,10074.0,100730.0,161.0,55797.0,17720.0,20349.0,208401.0,192018.0,961.0,91.0,253568.0,909.0,9382.0,6814.0,628.0,18828.0,3954.0,8823.0,82.0,133656.0,16026.0,22170.0,35595.0,61219.0,3678.0,8602.0,2342.0
Nigeria,NGA,2008,0,56276.0,57021.0,3986.0,280604.0,3745.0,10124.0,95773.0,165.0,52577.0,17507.0,19930.0,202257.0,194666.0,966.0,0.0,246594.0,892.0,8850.0,6883.0,913.0,19065.0,3870.0,8301.0,72.0,133744.0,16136.0,22244.0,35955.0,61813.0,3501.0,8938.0,2447.0
Nigeria,NGA,2009,0,59349.0,59145.0,4004.0,276715.0,3733.0,10223.0,89799.0,172.0,51184.0,17658.0,20001.0,199250.0,197097.0,987.0,31.0,243669.0,895.0,8663.0,7122.0,2668.0,19485.0,3857.0,8110.0,316.0,135318.0,16430.0,22529.0,36699.0,62992.0,3400.0,9213.0,2533.0
Nigeria,NGA,2013,4,52141.0,70387.0,4042.0,227310.0,3458.0,12037.0,77539.0,220.0,48787.0,18610.0,19685.0,191077.0,204573.0,1123.0,19.0,215679.0,910.0,7542.0,7613.0,6260.0,21835.0,3809.0,6984.0,2014.0,146744.0,17827.0,23880.0,39606.0,68184.0,3040.0,10472.0,2917.0
Nigeria,NGA,2016,3,49572.0,75842.0,4157.0,186482.0,3505.0,13090.0,77599.0,246.0,50424.0,19370.0,18441.0,191915.0,202317.0,1164.0,46.0,200794.0,962.0,6884.0,7624.0,5064.0,22964.0,3834.0,6317.0,2165.0,155266.0,19144.0,24038.0,38874.0,68094.0,2761.0,11041.0,3053.0
Pakistan,PAK,2007,135,25319.0,125500.0,2424.0,3946.0,2997.0,12804.0,804.0,702.0,77007.0,14762.0,18097.0,77098.0,281495.0,1596.0,911.0,94786.0,370.0,12407.0,13447.0,2150.0,30181.0,2251.0,7602.0,1406.0,266758.0,31501.0,76093.0,35523.0,51479.0,8548.0,7870.0,3095.0
Pakistan,PAK,2008,36,25164.0,129673.0,2549.0,3163.0,3254.0,13418.0,913.0,734.0,76179.0,15446.0,18159.0,80081.0,283620.0,1632.0,249.0,98703.0,391.0,13845.0,13729.0,4676.0,31519.0,2412.0,8699.0,1184.0,271526.0,32623.0,76380.0,36354.0,52532.0,8729.0,7994.0,3150.0
Pakistan,PAK,2009,0,25780.0,133173.0,2587.0,4945.0,3325.0,13384.0,1043.0,762.0,74408.0,15877.0,18007.0,80657.0,283108.0,1665.0,102.0,99408.0,407.0,14369.0,13938.0,8105.0,32859.0,2484.0,9201.0,1487.0,275938.0,33559.0,76536.0,37068.0,53403.0,8790.0,8123.0,3209.0
Pakistan,PAK,2012,1,20011.0,143873.0,2569.0,9847.0,3347.0,13926.0,1775.0,822.0,71510.0,16756.0,17444.0,77902.0,279643.0,1774.0,671.0,95625.0,425.0,15033.0,14645.0,6963.0,36807.0,2564.0,9514.0,2784.0,292618.0,36359.0,78053.0,38796.0,55573.0,8757.0,8665.0,3427.0
Pakistan,PAK,2014,7,20300.0,154842.0,2740.0,3275.0,3581.0,12315.0,2418.0,863.0,68943.0,18002.0,17559.0,77899.0,278712.0,1897.0,271.0,90732.0,568.0,16120.0,15758.0,6325.0,40172.0,2110.0,10090.0,2413.0,307223.0,39008.0,79506.0,40482.0,57615.0,8963.0,9209.0,3642.0
Pakistan,PAK,2015,326,20247.0,159325.0,2771.0,3922.0,3680.0,12516.0,2758.0,863.0,68586.0,18341.0,17280.0,77245.0,273242.0,1943.0,663.0,88656.0,1663.0,16320.0,16121.0,5041.0,41745.0,2141.0,10121.0,1608.0,313967.0,40165.0,80176.0,40981.0,58255.0,9013.0,9488.0,3753.0
Pakistan,PAK,2016,87,20277.0,164509.0,2850.0,4120.0,3707.0,12872.0,3072.0,866.0,68042.0,18817.0,17144.0,76940.0,270601.0,1999.0,409.0,86393.0,438.0,16908.0,16601.0,2450.0,43530.0,2182.0,10410.0,1113.0,320769.0,41459.0,80844.0,41723.0,59261.0,9015.0,9821.0,3871.0
Palestine,PSE,2009,0,54.0,1830.0,40.0,0.0,53.0,214.0,11.0,3.0,29.0,324.0,37.0,459.0,1675.0,4.0,0.0,53.0,2.0,14.0,76.0,6130.0,687.0,5.0,13.0,7.0,5153.0,627.0,391.0,271.0,401.0,7.0,232.0,62.0
Palestine,PSE,2010,5,51.0,1921.0,39.0,0.0,49.0,236.0,11.0,3.0,27.0,311.0,34.0,442.0,1595.0,4.0,0.0,52.0,2.0,13.0,74.0,668.0,742.0,5.0,12.0,0.0,5256.0,650.0,397.0,283.0,417.0,7.0,242.0,64.0
Palestine,PSE,2011,3,42.0,2022.0,39.0,0.0,49.0,266.0,11.0,4.0,25.0,323.0,31.0,432.0,1502.0,5.0,0.0,50.0,1.0,13.0,80.0,744.0,801.0,5.0,12.0,15.0,5342.0,657.0,403.0,295.0,432.0,7.0,252.0,66.0
Palestine,PSE,2012,6,41.0,2083.0,41.0,0.0,55.0,316.0,12.0,4.0,24.0,363.0,30.0,429.0,1388.0,5.0,0.0,47.0,2.0,13.0,92.0,1124.0,817.0,5.0,12.0,12.0,5220.0,645.0,395.0,298.0,435.0,7.0,261.0,66.0
Palestine,PSE,2013,3,37.0,2185.0,43.0,0.0,58.0,369.0,12.0,5.0,24.0,392.0,28.0,435.0,1279.0,5.0,6.0,43.0,2.0,12.0,104.0,12.0,878.0,5.0,11.0,12.0,5278.0,633.0,401.0,307.0,446.0,7.0,272.0,68.0
Palestine,PSE,2014,2,34.0,2345.0,42.0,0.0,55.0,429.0,12.0,6.0,25.0,368.0,24.0,455.0,1186.0,6.0,0.0,41.0,2.0,12.0,109.0,75.0,1007.0,5.0,11.0,67.0,5647.0,640.0,430.0,320.0,467.0,7.0,286.0,75.0
Palestine,PSE,2016,3,30.0,2575.0,41.0,0.0,49.0,360.0,13.0,6.0,26.0,382.0,22.0,484.0,1007.0,6.0,0.0,35.0,2.0,12.0,111.0,139.0,1171.0,5.0,11.0,90.0,6162.0,617.0,453.0,333.0,488.0,6.0,308.0,84.0
Saudi Arabia,SAU,2007,143,191.0,8116.0,505.0,2.0,593.0,238.0,442.0,117.0,1692.0,14378.0,289.0,3753.0,3391.0,67.0,0.0,424.0,8.0,75.0,810.0,5.0,2175.0,181.0,72.0,3.0,36026.0,5036.0,3107.0,2924.0,3801.0,55.0,1226.0,450.0
Saudi Arabia,SAU,2009,69,169.0,8663.0,545.0,0.0,644.0,286.0,487.0,115.0,1754.0,16051.0,299.0,4036.0,2770.0,71.0,161.0,384.0,8.0,70.0,984.0,5.0,2176.0,191.0,66.0,5.0,37703.0,5381.0,3184.0,2922.0,3812.0,53.0,1295.0,471.0
Saudi Arabia,SAU,2011,82,170.0,9213.0,611.0,0.0,705.0,345.0,537.0,94.0,1650.0,17698.0,296.0,4178.0,2259.0,71.0,11.0,356.0,10.0,68.0,1294.0,3.0,2208.0,212.0,64.0,3.0,38295.0,5614.0,3299.0,2974.0,3872.0,57.0,1360.0,482.0
Saudi Arabia,SAU,2012,79,171.0,9504.0,659.0,0.0,718.0,368.0,561.0,95.0,1572.0,18338.0,289.0,4192.0,2042.0,73.0,19.0,351.0,10.0,67.0,1410.0,4.0,2215.0,219.0,62.0,4.0,38504.0,5645.0,3312.0,3031.0,3942.0,58.0,1393.0,487.0
Saudi Arabia,SAU,2013,79,172.0,9921.0,645.0,0.0,717.0,383.0,583.0,114.0,1525.0,18683.0,285.0,4247.0,1861.0,78.0,39.0,341.0,10.0,66.0,1464.0,1.0,2294.0,224.0,61.0,1.0,39159.0,5752.0,3354.0,3117.0,4045.0,58.0,1434.0,495.0
Saudi Arabia,SAU,2014,90,173.0,10392.0,674.0,0.0,720.0,401.0,604.0,128.0,1479.0,19183.0,280.0,4310.0,1700.0,82.0,0.0,337.0,10.0,66.0,1527.0,20.0,2393.0,228.0,61.0,20.0,39738.0,5921.0,3405.0,3210.0,4159.0,59.0,1480.0,505.0
Saudi Arabia,SAU,2015,158,171.0,10814.0,702.0,0.0,719.0,407.0,622.0,140.0,1427.0,19526.0,271.0,4342.0,1552.0,85.0,23.0,331.0,10.0,65.0,1574.0,323.0,2476.0,231.0,60.0,213.0,41019.0,6052.0,3431.0,3276.0,4233.0,60.0,1507.0,509.0
Saudi Arabia,SAU,2016,154,174.0,11345.0,680.0,1.0,722.0,409.0,639.0,155.0,1394.0,20009.0,265.0,4422.0,1427.0,90.0,24.0,330.0,10.0,65.0,1624.0,275.0,2588.0,236.0,60.0,162.0,41765.0,6250.0,3491.0,3388.0,4367.0,62.0,1551.0,520.0
Somalia,SOM,2007,5,3835.0,5538.0,469.0,2547.0,687.0,1629.0,4263.0,12.0,16558.0,2583.0,2463.0,19036.0,15917.0,101.0,25.0,19342.0,183.0,8263.0,915.0,2301.0,1784.0,460.0,8104.0,408.0,12483.0,1281.0,2844.0,2768.0,4388.0,1070.0,281.0,85.0
Somalia,SOM,2009,0,4311.0,5977.0,527.0,1075.0,788.0,2409.0,4148.0,14.0,17448.0,2814.0,2552.0,20665.0,16739.0,107.0,0.0,17754.0,197.0,8764.0,970.0,1919.0,1936.0,510.0,8608.0,381.0,13486.0,1406.0,3070.0,2916.0,4642.0,1123.0,310.0,93.0
Somalia,SOM,2010,8,4445.0,6146.0,543.0,994.0,813.0,2318.0,4073.0,15.0,17717.0,2887.0,2571.0,21024.0,16951.0,109.0,11.0,17195.0,201.0,18759.0,991.0,3202.0,1997.0,525.0,18261.0,295.0,13895.0,1447.0,3157.0,2969.0,4729.0,1124.0,325.0,98.0
Somalia,SOM,2011,10,4496.0,6300.0,549.0,1111.0,819.0,1927.0,3993.0,15.0,17973.0,2942.0,2603.0,20991.0,17203.0,112.0,0.0,17408.0,205.0,18563.0,1015.0,2609.0,2055.0,531.0,18083.0,344.0,14303.0,1485.0,3229.0,3016.0,4801.0,1105.0,339.0,102.0
Somalia,SOM,2012,6,4547.0,6466.0,556.0,1728.0,825.0,2159.0,3894.0,16.0,18190.0,3003.0,2627.0,20936.0,17505.0,114.0,31.0,16190.0,209.0,8368.0,1040.0,3660.0,2115.0,538.0,8219.0,783.0,14739.0,1524.0,3307.0,3071.0,4886.0,1086.0,356.0,106.0
Somalia,SOM,2013,34,4390.0,6657.0,563.0,2863.0,832.0,1961.0,3797.0,17.0,18363.0,3083.0,2680.0,20793.0,17839.0,117.0,169.0,15901.0,213.0,8179.0,1075.0,2040.0,2181.0,547.0,8031.0,660.0,15174.0,1569.0,3393.0,3145.0,5004.0,1055.0,375.0,111.0
Somalia,SOM,2014,14,4403.0,6860.0,568.0,3734.0,832.0,2049.0,3714.0,18.0,18480.0,3160.0,2741.0,20503.0,18188.0,121.0,0.0,15507.0,217.0,7953.0,1113.0,1779.0,2252.0,554.0,7806.0,1589.0,15698.0,1615.0,3483.0,3233.0,5138.0,1024.0,395.0,116.0
Somalia,SOM,2015,25,4403.0,7066.0,570.0,3970.0,825.0,2136.0,3612.0,19.0,18629.0,3236.0,2806.0,20151.0,18532.0,125.0,0.0,15350.0,221.0,7658.0,1155.0,1713.0,2328.0,559.0,7512.0,1447.0,16256.0,1664.0,3574.0,3332.0,5289.0,987.0,417.0,121.0
Somalia,SOM,2016,14,4507.0,7297.0,585.0,3953.0,845.0,2288.0,3492.0,20.0,18973.0,3365.0,2875.0,20353.0,18931.0,129.0,9.0,16127.0,228.0,7648.0,1197.0,2586.0,2401.0,575.0,7501.0,1583.0,16811.0,1720.0,3680.0,3445.0,5474.0,956.0,439.0,126.0
South Sudan,SSD,2012,5,2635.0,3718.0,240.0,4855.0,288.0,1161.0,6271.0,9.0,4736.0,1034.0,751.0,10126.0,11155.0,49.0,47.0,8316.0,80.0,3576.0,401.0,831.0,1007.0,192.0,3521.0,68.0,6419.0,852.0,1271.0,1586.0,2574.0,251.0,410.0,87.0
South Sudan,SSD,2013,4,2675.0,3782.0,244.0,5074.0,296.0,826.0,6178.0,9.0,4785.0,1046.0,747.0,10142.0,10865.0,50.0,99.0,8342.0,81.0,3461.0,404.0,3515.0,1021.0,195.0,3409.0,226.0,6499.0,868.0,1282.0,1605.0,2604.0,247.0,414.0,87.0
South Sudan,SSD,2015,5,2390.0,3853.0,236.0,5171.0,287.0,883.0,5504.0,9.0,4759.0,1011.0,696.0,9494.0,9663.0,50.0,0.0,7930.0,78.0,3039.0,396.0,1833.0,1050.0,188.0,2992.0,218.0,6666.0,888.0,1295.0,1614.0,2607.0,222.0,423.0,90.0
South Sudan,SSD,2016,>1,2240.0,3859.0,225.0,5032.0,271.0,877.0,5045.0,9.0,4606.0,970.0,656.0,8854.0,8835.0,50.0,0.0,7538.0,74.0,2767.0,387.0,1622.0,1061.0,179.0,2723.0,633.0,6711.0,886.0,1290.0,1611.0,2587.0,207.0,428.0,91.0
Sudan,SDN,2007,7,2407.0,12280.0,1502.0,2800.0,1988.0,1498.0,3902.0,223.0,1749.0,7065.0,3180.0,11806.0,31134.0,82.0,150.0,19618.0,71.0,2019.0,1701.0,1631.0,1801.0,843.0,1921.0,317.0,63515.0,3643.0,7365.0,3900.0,5984.0,1662.0,2273.0,532.0
Sudan,SDN,2008,1,1508.0,12572.0,1468.0,2345.0,1924.0,1004.0,3940.0,233.0,1714.0,7083.0,3135.0,11344.0,30562.0,84.0,0.0,18551.0,71.0,1876.0,1740.0,1999.0,1855.0,823.0,1782.0,205.0,63904.0,3694.0,7324.0,3924.0,6023.0,1610.0,2319.0,541.0
Sudan,SDN,2009,9,1435.0,12874.0,1428.0,2103.0,1852.0,2831.0,3953.0,244.0,1664.0,7085.0,3076.0,10855.0,29990.0,85.0,20.0,17303.0,71.0,1725.0,1777.0,2059.0,1918.0,799.0,1634.0,77.0,64399.0,3755.0,7275.0,3937.0,6043.0,1546.0,2365.0,551.0
Sudan,SDN,2010,6,1439.0,13136.0,1359.0,1919.0,1726.0,1335.0,4110.0,254.0,1575.0,7005.0,3008.0,10198.0,29375.0,86.0,36.0,15681.0,69.0,1552.0,1804.0,1504.0,1985.0,758.0,1464.0,81.0,64817.0,3808.0,7207.0,3931.0,6026.0,1475.0,2410.0,562.0
Sudan,SDN,2011,7,1263.0,13431.0,1300.0,1827.0,1618.0,1639.0,4335.0,264.0,1478.0,6956.0,2926.0,9631.0,28660.0,87.0,20.0,13825.0,66.0,1434.0,1815.0,3656.0,2051.0,727.0,1350.0,193.0,65279.0,3848.0,7142.0,3915.0,6018.0,1408.0,2456.0,573.0
Sudan,SDN,2012,19,1236.0,13786.0,1278.0,1867.0,1578.0,710.0,4535.0,276.0,1423.0,7016.0,2858.0,9292.0,27910.0,89.0,35.0,12667.0,66.0,1340.0,1834.0,1886.0,2127.0,712.0,1257.0,60.0,66096.0,3918.0,7125.0,3915.0,6040.0,1363.0,2496.0,585.0
Sudan,SDN,2013,21,952.0,14179.0,1247.0,1945.0,1518.0,1977.0,4704.0,288.0,1382.0,7032.0,2788.0,8766.0,27048.0,90.0,76.0,11566.0,65.0,1240.0,1860.0,1465.0,2217.0,692.0,1159.0,220.0,66745.0,4025.0,7114.0,3908.0,6051.0,1319.0,2537.0,598.0
Sudan,SDN,2014,23,883.0,14698.0,1260.0,2153.0,1536.0,1612.0,4852.0,302.0,1370.0,7165.0,2722.0,8664.0,26330.0,91.0,39.0,11032.0,65.0,1202.0,1886.0,1743.0,2325.0,700.0,1120.0,546.0,67467.0,4203.0,7129.0,3933.0,6118.0,1295.0,2577.0,610.0
Sudan,SDN,2015,3,823.0,15128.0,1223.0,2275.0,1473.0,1559.0,5005.0,314.0,1328.0,7148.0,2652.0,8254.0,25413.0,92.0,20.0,10071.0,80.0,1122.0,1904.0,2305.0,2434.0,677.0,1042.0,210.0,68545.0,4368.0,7101.0,3922.0,6125.0,1240.0,2609.0,623.0
Sudan,SDN,2016,2,792.0,15575.0,1196.0,2553.0,1421.0,860.0,5081.0,331.0,1281.0,7202.0,2606.0,7922.0,24583.0,94.0,171.0,9353.0,63.0,1043.0,1939.0,2344.0,2518.0,660.0,964.0,182.0,69697.0,4456.0,7108.0,3965.0,6199.0,1202.0,2656.0,641.0
Syria,SYR,2008,1,348.0,6991.0,212.0,0.0,215.0,430.0,24.0,150.0,99.0,2253.0,116.0,2685.0,2988.0,66.0,0.0,206.0,26.0,129.0,400.0,193.0,1328.0,105.0,100.0,18.0,35611.0,2066.0,2843.0,1626.0,2118.0,13.0,1110.0,308.0
Taiwan,TWN,2008,0,112.0,42773.0,144.0,0.0,638.0,467.0,160.0,284.0,1014.0,4318.0,21.0,8462.0,448.0,260.0,15.0,61.0,21.0,108.0,4742.0,0.0,9209.0,101.0,99.0,0.0,31649.0,5382.0,7301.0,6795.0,10366.0,9.0,5232.0,1348.0
Taiwan,TWN,2013,6,97.0,48769.0,136.0,0.0,500.0,333.0,176.0,327.0,844.0,3783.0,24.0,10631.0,370.0,417.0,4.0,118.0,24.0,107.0,4152.0,0.0,8962.0,74.0,97.0,0.0,34414.0,6408.0,8162.0,6416.0,10059.0,10.0,6744.0,1638.0
Taiwan,TWN,2014,5,100.0,50916.0,141.0,0.0,496.0,334.0,177.0,362.0,851.0,3798.0,21.0,11384.0,397.0,440.0,0.0,130.0,25.0,109.0,4184.0,0.0,9350.0,74.0,99.0,0.0,36171.0,6824.0,8586.0,6557.0,10355.0,10.0,7122.0,1746.0
Taiwan,TWN,2016,1,101.0,53194.0,143.0,0.0,494.0,296.0,209.0,422.0,846.0,3762.0,27.0,12544.0,411.0,458.0,115.0,143.0,26.0,114.0,4191.0,0.0,9866.0,72.0,104.0,0.0,38294.0,7425.0,9178.0,6660.0,10680.0,10.0,7826.0,1882.0
Thailand,THA,2007,0,1231.0,81637.0,635.0,170.0,5473.0,6019.0,19395.0,401.0,8493.0,20880.0,519.0,15463.0,3976.0,641.0,53.0,5132.0,39.0,758.0,7409.0,782.0,12113.0,242.0,689.0,264.0,86179.0,17032.0,22047.0,14607.0,23855.0,261.0,11384.0,2404.0
Thailand,THA,2008,0,1176.0,83758.0,641.0,135.0,5391.0,5662.0,17638.0,373.0,8320.0,20629.0,493.0,16554.0,3726.0,630.0,39.0,5145.0,38.0,750.0,7256.0,496.0,12305.0,232.0,685.0,166.0,86877.0,17752.0,21937.0,15017.0,24597.0,259.0,11944.0,2519.0
Thailand,THA,2009,2,1125.0,85440.0,706.0,124.0,5290.0,5266.0,16590.0,347.0,8112.0,20110.0,459.0,17524.0,3339.0,616.0,18.0,5128.0,37.0,738.0,7039.0,530.0,12370.0,219.0,676.0,270.0,86890.0,18294.0,21705.0,15293.0,25136.0,257.0,12485.0,2605.0
United Arab Emirates,ARE,2014,1,49.0,3528.0,175.0,0.0,164.0,115.0,136.0,705.0,105.0,3543.0,12.0,425.0,139.0,63.0,0.0,46.0,12.0,7.0,636.0,1.0,791.0,40.0,3.0,1.0,5590.0,967.0,1295.0,321.0,481.0,53.0,80.0,54.0
United States,USA,2007,42,1249.0,625940.0,4301.0,0.0,3864.0,19370.0,12444.0,28251.0,953.0,46498.0,1062.0,69811.0,15210.0,10895.0,240.0,9586.0,1201.0,4238.0,39352.0,1031.0,73228.0,1414.0,3861.0,0.0,836120.0,72852.0,172341.0,51575.0,103120.0,152.0,114585.0,23705.0
United States,USA,2008,37,1223.0,637146.0,3927.0,0.0,3819.0,18716.0,11400.0,29263.0,926.0,44535.0,1103.0,69921.0,14606.0,11191.0,231.0,10287.0,1186.0,4280.0,40357.0,487.0,72592.0,1435.0,3907.0,2.0,833165.0,76152.0,177366.0,53086.0,105255.0,144.0,117064.0,24369.0
United States,USA,2009,52,1186.0,644331.0,3753.0,0.0,3753.0,17944.0,10551.0,30482.0,891.0,42561.0,1080.0,68989.0,13675.0,11476.0,125.0,10637.0,1176.0,4277.0,41273.0,502.0,71235.0,1448.0,3924.0,18.0,823362.0,78863.0,179468.0,54496.0,106814.0,137.0,118965.0,24760.0
United States,USA,2010,46,1141.0,648290.0,3504.0,0.0,3684.0,17329.0,9143.0,31798.0,868.0,40874.0,991.0,68625.0,12837.0,11831.0,177.0,10928.0,1184.0,4367.0,41719.0,579.0,69915.0,1443.0,4024.0,4.0,820215.0,82391.0,182265.0,55472.0,108110.0,129.0,121781.0,25309.0
United States,USA,2011,43,1126.0,659516.0,3714.0,0.0,3669.0,17224.0,8428.0,34070.0,862.0,40383.0,1050.0,69967.0,12602.0,12227.0,828.0,11327.0,1208.0,4538.0,42805.0,489.0,68571.0,1477.0,4192.0,0.0,830800.0,86464.0,187463.0,57598.0,111120.0,124.0,124656.0,26123.0
United States,USA,2012,43,1108.0,668318.0,3416.0,0.0,3647.0,17577.0,7973.0,36284.0,858.0,39985.0,1090.0,70573.0,12455.0,12635.0,235.0,11466.0,1206.0,4707.0,43395.0,326.0,67741.0,1485.0,4360.0,7.0,837102.0,89367.0,191590.0,59351.0,113403.0,121.0,127120.0,26781.0
United States,USA,2013,39,1106.0,678428.0,3831.0,0.0,3606.0,16767.0,7682.0,39366.0,871.0,39785.0,1172.0,72196.0,12376.0,13089.0,216.0,11553.0,1231.0,4943.0,44026.0,170.0,67235.0,1501.0,4601.0,23.0,847344.0,92802.0,196459.0,61199.0,116058.0,120.0,129640.0,27531.0
United States,USA,2014,35,1102.0,689157.0,3798.0,0.0,3627.0,16618.0,7413.0,43517.0,879.0,40155.0,1188.0,73161.0,12284.0,13542.0,235.0,11541.0,1268.0,5268.0,44950.0,91.0,67583.0,1540.0,4918.0,26.0,858443.0,96182.0,200484.0,63045.0,118754.0,120.0,131616.0,28193.0
United States,USA,2015,28,1115.0,700941.0,3822.0,0.0,3727.0,18164.0,7089.0,49086.0,900.0,41198.0,1200.0,74766.0,12235.0,14005.0,287.0,11625.0,1304.0,5661.0,46209.0,74.0,68860.0,1591.0,5301.0,54.0,876853.0,99915.0,205998.0,64842.0,121845.0,120.0,134411.0,29081.0
United States,USA,2016,20,1131.0,715197.0,3899.0,0.0,3846.0,19254.0,7430.0,56028.0,927.0,42360.0,1252.0,75385.0,12035.0,14347.0,252.0,11572.0,1370.0,5952.0,47550.0,57.0,70534.0,1642.0,5586.0,68.0,892268.0,102601.0,209980.0,66395.0,124438.0,120.0,136673.0,29748.0
Yemen,YEM,2007,15,706.0,8249.0,804.0,3643.0,917.0,593.0,252.0,133.0,953.0,9808.0,1994.0,8060.0,26055.0,54.0,99.0,13061.0,37.0,1892.0,1091.0,24.0,1066.0,428.0,1816.0,24.0,37776.0,1776.0,4262.0,2293.0,3944.0,713.0,1086.0,256.0
Yemen,YEM,2008,13,710.0,8663.0,825.0,2387.0,931.0,641.0,258.0,145.0,949.0,10214.0,2084.0,7981.0,26039.0,57.0,90.0,12388.0,38.0,1797.0,1169.0,95.0,1122.0,439.0,1722.0,74.0,39045.0,1846.0,4372.0,2367.0,4065.0,689.0,1136.0,269.0
Yemen,YEM,2009,30,698.0,8910.0,812.0,2859.0,911.0,658.0,257.0,150.0,935.0,10144.0,2001.0,7772.0,25803.0,58.0,11.0,11514.0,38.0,1670.0,1175.0,141.0,1163.0,432.0,1597.0,47.0,39807.0,1896.0,4422.0,2394.0,4113.0,650.0,1182.0,279.0
Yemen,YEM,2010,53,675.0,9075.0,780.0,4394.0,868.0,656.0,261.0,150.0,892.0,9802.0,1814.0,7458.0,25196.0,57.0,22.0,10538.0,37.0,1545.0,1130.0,520.0,1197.0,417.0,1475.0,345.0,40277.0,1931.0,4438.0,2396.0,4118.0,600.0,1228.0,289.0
Yemen,YEM,2011,41,537.0,9437.0,780.0,4057.0,858.0,649.0,262.0,161.0,867.0,9969.0,1813.0,7147.0,24663.0,59.0,0.0,9849.0,37.0,1463.0,1171.0,1743.0,1256.0,417.0,1393.0,461.0,41648.0,1997.0,4539.0,2423.0,4194.0,570.0,1282.0,302.0
Yemen,YEM,2012,28,518.0,9731.0,761.0,4410.0,822.0,661.0,268.0,168.0,844.0,9890.0,1748.0,6867.0,23983.0,61.0,0.0,8602.0,36.0,1348.0,1185.0,3386.0,1310.0,408.0,1280.0,1056.0,42824.0,2055.0,4620.0,2417.0,4206.0,537.0,1337.0,315.0
Yemen,YEM,2013,13,508.0,10142.0,777.0,3955.0,837.0,672.0,280.0,180.0,851.0,10167.0,1739.0,6778.0,23328.0,63.0,40.0,7741.0,37.0,1279.0,1232.0,1206.0,1375.0,415.0,1212.0,624.0,44191.0,2143.0,4746.0,2428.0,4237.0,517.0,1396.0,329.0
Yemen,YEM,2014,22,499.0,10462.0,770.0,4587.0,821.0,1136.0,285.0,188.0,850.0,10178.0,1653.0,6613.0,22400.0,65.0,0.0,6902.0,37.0,1187.0,1241.0,3008.0,1435.0,412.0,1122.0,1353.0,45318.0,2215.0,4825.0,2419.0,4231.0,491.0,1453.0,343.0
Yemen,YEM,2015,8,509.0,10900.0,791.0,4196.0,837.0,1087.0,287.0,201.0,877.0,10522.0,1659.0,6585.0,21614.0,68.0,26.0,6441.0,38.0,1131.0,1302.0,7747.0,1507.0,421.0,1067.0,2374.0,47307.0,2311.0,4981.0,2460.0,4308.0,480.0,1510.0,357.0
